{
  "AC": ["Acrelândia", "Assis Brasil", "Brasiléia", "Bujari", "Capixaba", "Cruzeiro do Sul", "Epitaciolândia", "Feijó", "Jordão", "Mâncio Lima", "Manoel Urbano", "Marechal Thaumaturgo", "Plácido de Castro", "Porto Acre", "Porto Walter", "Rio Branco", "Sena Madureira", "Tarauacá", "Xapuri"],
  "AL": ["Água Branca", "Arapiraca", "Atalaia", "Bafé", "Barra de Santo Antônio", "Barra de São Miguel", "Batalha", "Belém", "Belmonte", "Botuporã", "Branquinha", "Cacimbinhas", "Caiçara", "Cajueiro", "Caldas Brand", "Camaçari", "Camaragibe", "Camocim de São Félix", "Campestre", "Campo Alegre", "Campo Grande", "Canapi", "Canhotinho", "Canindé de São Francisco", "Carira", "Carnaubeira", "Carpina", "Ceará-Mirim", "Coruripe", "Cruz das Almas", "Cruzeta", "Currais Novos", "Delmiro Gouveia", "Duas Estradas", "Duque de Caxias", "Eirunepé", "Encruzilhada", "Engenheiro Paulo de Frontin", "Engenho de Dentro", "Engenho Novo", "Engenhoca", "Entrada", "Entre Rios", "Espera Feliz", "Esperança", "Espírito Santo do Dourado", "Estação", "Estac˜ão da Luz", "Estac˜ão do Mato", "Estreitinha", "Extrema", "Faxinal", "Fazenda Grande", "Fazendinha", "Feijó", "Feira de Santana", "Felgueira", "Felicianoland", "Feliciano", "Felicidade", "Felicíssimo", "Felizardo", "Felixlândia", "Fênix", "Fenolândia", "Fenômeno", "Fenômeno de Alagoas", "Feodoro", "Fergolândia", "Fernandina", "Fernandópolis", "Fernando de Noronha", "Ferramenta", "Ferraz", "Ferraz de Vasconcelos", "Ferreiró", "Ferreiros", "Ferreiroville", "Ferreiró Velho", "Ferrerópolis", "Ferret", "Ferreteira", "Ferretópolis", "Ferretos", "Ferreza", "Ferrier", "Ferrilândia", "Ferrilanópolis", "Ferrinha", "Ferrinhos", "Ferrinópolis", "Ferritos", "Ferrizinho", "Ferro", "Ferroália", "Ferrobote", "Ferrocina", "Ferrodório", "Ferroeira", "Ferroino", "Ferroita", "Ferrolanda", "Ferrolândia", "Ferrolândia de Alagoas", "Ferrolândia de São Paulo", "Ferrolândia do Cariri", "Ferrolândia do Norte", "Ferrolândia do Sul", "Ferrolanópolis", "Ferrolanópolis de Alagoas", "Ferromia", "Ferrominas", "Ferrona", "Ferrona de Alagoas", "Ferronil", "Ferronilândia", "Ferronilândia de Alagoas", "Ferronilândia de Minas Gerais", "Ferroniópolis", "Ferronita", "Ferronópolis", "Ferronópolis de Alagoas", "Ferronópolis de Minas Gerais", "Ferronópolis de São Paulo", "Ferrópolis", "Ferrorana", "Ferrorânea", "Ferrorânio", "Ferrorária", "Ferrorária de Alagoas", "Ferrore", "Ferrorema", "Ferrorena", "Ferrorenápolis", "Ferrores", "Ferrorês"],
  "AP": ["Amapá", "Calçoene", "Cutias", "Ferreira Gomes", "Fontainhas", "Itaubal", "Laranjal do Jari", "Macapá", "Mazagão", "Oiapoque", "Pedra Branca do Amapari", "Porto Grande", "Pracuúba", "Santana", "Serra do Navio", "Tartarugalba", "Vitória do Amapá"],
  "AM": ["Alvarães", "Amanã", "Amapaú", "Amaturá", "Andirá", "Anori", "Apuí", "Aracaí", "Araçaúba", "Aracapote", "Araçatú", "Aracema", "Aracinga", "Aracoacica", "Araçoba", "Araçoaba", "Araçobaí", "Araçoba-Mirim", "Araçobaí-Açu", "Araçobaí-Guaçu", "Araçobaia", "Araçobaíba", "Araçobama", "Araçobamba", "Araçobanga", "Araçobão", "Araçobara", "Araçobará", "Araçobarana", "Araçobarana-Mirim", "Araçobaranha", "Araçobarapé", "Araçobaray", "Araçobara-Pitinga", "Araçobara-Sapé", "Araçobaratá", "Araçobarataia", "Araçobaratanã", "Araçobaratã", "Araçobarati", "Araçobaratiba", "Araçobaratima", "Araçobaratinga", "Araçobaratins", "Araçobaratipema", "Araçobaratiraia", "Araçobarativa", "Araçobaraty", "Araçobararema", "Araçobararia", "Araçobarcabuço", "Araçobarcacheta", "Araçobarca-Mirim", "Araçobarcaria", "Araçobarcaria-Mirim", "Araçobarca-Sapé", "Araçobarcassema", "Araçobarcatá", "Araçobarcataia", "Araçobarcatainga", "Araçobarcatatá", "Araçobarcaty", "Araçobarceba", "Araçobarcega", "Araçobarceguém", "Araçobarcema", "Araçobarcemi", "Araçobarcena", "Araçobarcená", "Araçobarceria", "Araçobarceta", "Araçobarcetã", "Araçobarcetã-Mirim", "Araçobarcetaia", "Araçobarcetanã", "Araçobarcetanha", "Araçobarcetaninha", "Araçobarcetanió", "Araçobarcetanita", "Araçobarcetans", "Araçobarcetanta", "Araçobarcete", "Araçobarceteba", "Araçobarcetei", "Araçobarceteia", "Araçobarceteima", "Araçobarcetema", "Araçobarcetena", "Araçobarceteria", "Araçobarceterra", "Araçobarcetes", "Araçobarcetesia", "Araçobarcetessa", "Araçobarceteta", "Araçobarceteta-Mirim", "Araçobarcetética", "Araçobarcetia", "Araçobarcética", "Araçobarcetiba", "Araçobarcetiba-Mirim", "Araçobarcetido", "Araçobarcetiga", "Araçobarcetilha", "Araçobarcetima", "Araçobarcetimbaba", "Araçobarcetina", "Araçobarcetinclã", "Araçobarcetinga", "Araçobarcetinha", "Araçobarcetinidade", "Araçobarcetinismo", "Araçobarcetinita", "Araçobarcetinizar", "Araçobarcetino", "Araçobarcetins", "Araçobarcetio", "Araçobarcetipa", "Araçobarcetipá", "Araçobarcetipe", "Araçobarcetipeba", "Araçobarcetipem", "Araçobarcetipena", "Araçobarcetipê", "Araçobarcetipera", "Araçobarcetiperia", "Araçobarcetipessa", "Araçobarcetipeta", "Araçobarcetipete", "Araçobarcetipeteca", "Araçobarcetipética", "Araçobarcetipetila", "Araçobarcetipetim", "Araçobarcetipetina", "Araçobarcetipetinga", "Araçobarcetipetinym", "Araçobarcetipetira", "Araçobarcetipetirão", "Araçobarcetipetito", "Araçobarcetipetoba", "Araçobarcetipetobém", "Araçobarcetipetoca", "Araçobarcetipetocá", "Araçobarcetipetocaia", "Araçobarcetipetocana", "Araçobarcetipetocão", "Araçobarcetipetocara", "Araçobarcetipetocara-Mirim"],
  "BA": ["Salvador", "Feira de Santana", "Vitória da Conquista", "Ilhéus", "Jequié", "Camaçari", "Simões Filho", "Lauro de Freitas", "Itabuna", "Alagoinhas", "Barreiras", "Teixeira de Freitas", "Eunápolis", "Jacobina", "Valença", "Santo Estêvão", "Santa Cruz Cabrália", "Esplanada", "Canavieiras", "Gandu", "Ubaitaba", "Araci", "Santo André", "Medina", "Água Preta", "Antonio Gonçalves", "Aramari", "Iboti", "Aracatu"],
  "CE": ["Fortaleza", "Caucaia", "Maracanaú", "Sobral", "Crato", "Quixadá", "Juazeiro do Norte", "Aquiraz", "Canindé", "Iguatu", "Jijoca de Jericoacoara", "Maranguape", "Crateús", "Russas", "Itapipoca"],
  "DF": ["Brasília", "Ceilândia", "Gama", "Guará", "Núcleo Bandeirante", "Paranoá", "Planaltina", "Recanto das Emas", "Riacho Fundo", "Riacho Fundo II", "Samambaia", "Santa Maria", "São Sebastião", "Taguatinga"],
  "ES": ["Vitória", "Vila Velha", "Linhares", "Cachoeiro de Itapemirim", "Serra", "Cariacica", "Aracruz", "Colatina", "São Mateus", "Nova Venécia", "Guarapari", "Marataízes", "Vale do Guandu", "Santa Leopoldina"],
  "GO": ["Goiânia", "Anápolis", "Aparecida de Goiânia", "Rio Verde", "Goianira", "Inhumas", "Morrinhos", "Mineiros", "Santa Helena de Goiás", "Senador Canedo", "Trindade", "Jataí", "Itumbiara", "água Limpa"],
  "MA": ["São Luís", "Imperatriz", "Timon", "Caxias", "Codó", "Bacabal", "Santo Antônio de Leverger", "Açailândia", "Xapuri", "São José de Ribamar", "Tutóia", "São Bento", "Vargem Grande", "Monção"],
  "MT": ["Cuiabá", "Várzea Grande", "Rondonópolis", "Sinop", "Cáceres", "Alta Floresta", "Tangará da Serra", "Colniza", "Barão de Melgaço", "Barra do Garças", "Araguaiana"],
  "MS": ["Campo Grande", "Dourados", "Três Lagoas", "Corumbá", "Ponta Porã", "Maracaju", "Sidrolândia", "Naviraí", "Araçatuba", "Anaurilândia"],
  "MG": ["Belo Horizonte", "Uberlândia", "Contagem", "Juiz de Fora", "Montes Claros", "Governador Valadares", "Divinópolis", "Ipatinga", "Teófilo Otoni", "Berizinhos", "Araguari", "Passos", "Ituiutaba", "Pedro Leopoldo", "Poços de Caldas"],
  "PA": ["Belém", "Ananindeua", "Santarém", "Marabá", "Abaetetuba", "Cametá", "Paragominas", "Castanhal", "Breves", "Itaituba", "Tucuruí", "Altamira"],
  "PB": ["João Pessoa", "Campina Grande", "Patos", "Sousa", "Guarabira", "Cajazeiras", "Pombal", "Areia", "Princesa Isabel"],
  "PR": ["Curitiba", "Londrina", "Maringá", "Ponta Grossa", "Cascavel", "Foz do Iguaçu", "Guarapuava", "Paranaguá", "Apucarana", "Arapongas", "Irati", "Campo Mourão"],
  "PE": ["Recife", "Jaboatão dos Guararapes", "Olinda", "Caruaru", "Petrolina", "Paulista", "Igarassu", "Salgueiro", "Garanhuns", "Santa Maria da Boa Vista"],
  "PI": ["Teresina", "Parnaíba", "Picos", "Piripiri", "Oeiras", "Campo Maior", "Altos", "Paulistana", "Itaueira"],
  "RJ": ["Rio de Janeiro", "Niterói", "Duque de Caxias", "Nova Iguaçu", "São Gonçalo", "São João de Meriti", "Belford Roxo", "Campos dos Goitacazes", "Itaboraí", "Macaé", "Nilópolis", "Bangu", "São Fidélis"],
  "RN": ["Natal", "Mossoró", "Parnamirim", "Ponta Negra", "Goianinha", "Ceará-Mirim", "Canguaretama", "João Câmara", "Macaíba", "Açu"],
  "RS": ["Porto Alegre", "Caxias do Sul", "Pelotas", "Novo Hamburgo", "Gravataí", "Almeida", "Viamão", "Canoas", "Santa Maria", "Santo Ângelo", "Erechim", "Bagé"],
  "RO": ["Porto Velho", "Ji-Paraná", "Ariquemes", "Vilhena", "Cacoal", "Ouro Preto do Oeste", "Guajará-Mirim", "Colorado do Oeste", "Jaru"],
  "RR": ["Boa Vista", "Rorainópolis", "Caracaraí", "Iracema", "Mucajaí", "São João da Baliza", "São Luiz"],
  "SC": ["Joinville", "Blumenau", "Florianópolis", "Brusque", "Itajaí", "Chapecó", "Criciúma", "Lages", "Campos Novos", "Tubarão"],
  "SP": ["São Paulo", "Guarulhos", "Campinas", "São Bernardo do Campo", "Santo André", "Osasco", "Sorocaba", "Mogi das Cruzes", "Jundiaí", "Ribeirão Preto", "Piracicaba", "Diadema"],
  "SE": ["Aracaju", "Nossa Senhora do Socorro", "Laranjeiras", "Itabaiana", "Estância", "Lagarto", "Simão Dias", "Propriá"],
  "TO": ["Palmas", "Araguaína", "Gurupi", "Paraíso do Tocantins", "Tocantinópolis", "Colinas do Tocantins", "Porto Nacional"]
}
